{"columbia": [175.81517, 175.96419, 198.84909, 198.84909, 199.14813232421875, 199.44719, 257.65735, 275.9001770019531, 294.143, 296.41635, 311.68665, 348.68594, 350.40866, 358.7123, 394.70227, 401.70688, 433.54184, 442.27686, 457.6766, 471.95767, 517.74396, 517.74396, 519.81396484375, 521.884, 543.9721, 563.117, 566.6066, 578.64734, 587.9398803710938, 597.2324, 601.73663, 603.2223, 604.58984, 609.427, 615.0331, 617.7628173828125, 620.4926, 620.936, 621.31964, 624.94635, 630.6182, 639.2178, 664.17896, 677.75464, 689.6719, 695.6663, 701.94196, 708.3199, 712.93414, 717.87744, 720.8188, 726.59283, 738.7723, 748.82117, 756.2144, 760.0642, 764.2912, 768.4713, 770.40265, 770.0278, 772.0003662109375, 773.97296, 781.0587, 782.09125, 782.89734, 784.1765, 789.9162, 793.98145, 799.83673, 802.8111, 807.3364, 812.6961, 814.9213, 816.0811, 818.05133, 819.67114, 821.11725, 824.31903, 828.00287, 830.5272, 832.91437, 838.58655, 843.4833, 848.4373, 853.2749, 855.4431, 856.92163, 858.9834, 860.66766, 860.84045, 862.3135, 863.6548, 864.5666, 865.0947, 864.6067, 867.07806, 868.7799, 869.92053, 879.80695, 884.0769, 888.0698, 894.8144, 900.7172, 904.79474, 907.9039, 909.0555, 909.80347, 913.51587, 916.10626, 917.5656, 919.48145, 922.2697, 924.7765, 927.0865, 928.6963, 929.31647, 930.19196, 930.1003, 930.3475, 931.50543, 932.92444, 933.94244, 935.3083, 936.1563, 937.603], "nso": [164.41513, 164.33194, 164.32425, 164.35399, 164.3861, 164.41817, 164.47514, 164.52309, 164.52309, 164.52309, 164.52531, 165.002, 166.05148, 167.08578491210938, 168.1201, 168.81808, 169.0719, 169.57925415039062, 170.0866, 170.0866, 170.0866, 170.0866, 170.0866, 170.0866, 170.0866, 170.0866, 170.0866, 170.0866, 170.0866, 170.0866, 170.0866, 170.0866, 170.0866, 170.0866, 170.0866, 170.0866, 170.0866, 170.0866, 170.0866, 170.0866, 184.0328369140625, 197.9791, 197.9791, 197.9791, 197.9791, 197.9791, 197.9791, 197.9791, 197.9791, 198.71913146972656, 199.45917, 221.9909, 221.9909, 221.77377, 221.77377, 221.77377, 221.77377, 221.56285, 221.6653, 221.89325, 230.48706, 233.37697, 233.52538, 233.57349, 233.63452, 233.5672, 233.39154, 233.30981, 233.17358, 233.17358, 233.17358, 233.17358, 246.91871643066406, 260.66385, 260.66873, 262.20456, 287.26974, 288.86588, 289.66138, 289.9163, 289.9029, 289.9029, 289.9029, 293.8609313964844, 297.81897, 300.29117, 302.60754, 303.32162, 303.78424, 306.51147, 339.4963, 339.1952, 339.11368, 339.24594, 339.4311, 342.45224, 370.98593, 372.7959, 373.37042, 373.54047, 373.54047, 373.54047, 373.2784, 403.0121, 422.11484, 446.59314, 451.51083, 453.35388, 454.4703, 454.4703, 454.17703, 454.54065, 458.17273, 458.17273, 458.17273, 458.17273, 458.17273, 485.9630432128906, 513.75336, 514.9796, 515.46265, 515.8552, 516.96857, 517.3573, 517.62476, 519.9258, 525.14856, 530.09973, 534.6174, 540.1249, 549.45624, 559.98315, 561.49994, 566.0121, 573.03925, 577.3166, 580.21295, 580.3965, 582.8327, 588.69946, 592.65436, 592.65436, 593.281005859375, 593.9076, 597.71326, 602.00616, 606.282, 612.6628, 614.9084, 620.21844, 628.03516, 631.79333, 632.36505, 634.7609, 638.7537, 642.2828, 645.41583, 652.4981, 662.0504, 669.5446, 671.3102, 676.96716, 682.3002, 686.66956, 690.76794, 692.5691, 695.23505, 700.7737, 704.28424, 706.43616, 708.4732, 713.2447, 716.05035, 719.4414, 723.0249, 724.70013, 726.722, 731.4296, 736.87494, 740.10266, 742.76086, 748.0791, 754.0233, 761.3793, 764.8983, 766.5151, 768.6459, 773.9676, 776.91174, 777.1959, 778.5098, 781.79767, 786.36237, 789.02234, 792.6817, 798.6844, 804.50433, 807.0012, 806.4002, 807.74274, 812.24365, 816.74176, 819.63617, 819.8553, 819.5192, 820.80896, 822.29004, 823.45905, 832.2249, 847.5595, 862.43365, 873.5511, 881.489, 883.3228, 889.25806, 896.45233, 898.76245, 899.7296, 904.1883, 907.1527, 908.6841, 911.0381, 915.1931, 917.4762, 917.1644, 917.32837, 920.14435, 923.5626, 925.2701, 926.3529, 926.26294, 927.7149, 929.6384], "philadelphia": [175.99084, 175.85408, 175.72333, 175.72333, 183.48602294921875, 191.24873, 194.07634, 195.30814, 196.5073, 197.05502, 197.2132, 197.2132, 210.01205444335938, 222.81093, 222.69226, 223.25120544433594, 223.81015, 229.90627, 231.86635, 232.24, 232.88884, 234.24559, 265.72824, 265.7165, 276.22522, 291.1907, 301.18167, 308.66113, 309.29477, 309.61541748046875, 309.9361, 311.4767, 318.5514221191406, 325.62613, 383.3259, 391.2589, 396.37857, 400.97476, 403.21622, 420.84235, 433.08212, 434.4573, 435.15112, 438.21198, 444.89575, 459.8429, 467.23306, 470.24136, 472.79428, 474.5982, 474.50595, 478.55984, 492.69476, 492.69476, 495.85601806640625, 499.0173, 502.5119, 502.5119, 528.2968139648438, 554.0817, 572.07385, 579.359, 586.4111, 595.6199, 599.71063, 602.21796, 604.792, 607.26276, 609.76227, 612.2165, 613.4582, 613.3992, 619.7621, 630.50757, 639.8642, 643.55133, 650.7574, 664.9694, 676.81006, 684.7333, 687.9642, 691.109, 692.1731, 693.5329, 697.135, 701.4544, 705.19543, 711.4307, 716.1484, 720.63855, 725.42267, 729.1092, 732.99084, 737.5356, 742.1298, 745.33295, 745.8478, 745.8478, 746.44653, 751.9809, 753.59424, 754.74866, 758.4395, 761.79486, 764.93256, 769.84265, 772.3752, 774.6981, 776.5751, 777.7159, 777.6531, 778.5547, 779.36536, 780.4451, 783.1813, 783.85345, 783.2891, 784.2307, 785.62177, 789.26776, 792.4144, 793.7075, 794.8325, 794.51526, 793.8838, 794.03876, 794.03876, 795.02197265625, 796.00525, 798.1711, 799.6145, 801.3639, 800.9495, 801.1986, 803.1054, 802.702, 803.2676, 803.2676, 803.2676, 803.2676, 803.2676, 803.2676, 802.7594, 805.70465, 807.39667, 814.08405, 818.0233, 818.78687, 818.5706, 819.6675, 822.8627, 824.4822, 826.79535, 837.8564, 846.67645, 862.2469, 868.7927, 872.335205078125, 875.8776, 882.9625, 890.02997, 891.7356, 893.22644, 894.06323, 893.8131, 897.27454, 897.68463, 899.3887939453125, 901.0929, 905.7337, 904.867, 904.4718, 906.1128, 908.04694, 908.04694, 908.45276, 912.17694, 912.17694, 912.17694, 912.17694, 912.17694, 912.17694, 912.17694, 912.17694, 912.17694], "royal": [176.01906, 176.07687, 176.12045, 176.12045, 176.12045, 187.65928649902344, 199.19812, 200.71011, 221.71626, 221.75899, 222.03903, 234.14975, 234.12157, 246.73504638671875, 259.3485, 264.03363, 292.92648, 294.4224, 295.02527, 296.2713, 315.74896240234375, 335.22662, 387.52234, 387.7292785644531, 387.93622, 396.07297, 437.40332, 441.48132, 451.98126, 467.20065, 468.61816, 468.79044, 495.04523, 495.04523, 495.9501953125, 496.85516, 541.0046, 541.0046, 549.052001953125, 557.09937, 575.8376, 579.94446, 581.9692, 599.79834, 611.1659, 623.81683, 640.8585, 648.34656, 671.94727, 697.5467, 705.4665, 706.5762, 709.61664, 716.20514, 716.2163, 724.32135, 739.15625, 749.3163, 755.8273, 761.9317, 773.0954, 780.98206, 790.45447, 799.271, 811.535, 817.84863, 817.25165, 818.17535, 822.97253, 827.9047, 830.8086, 833.7772, 837.67883, 842.14813, 847.31726, 850.52997, 852.1066, 854.0594, 856.826, 858.24927, 860.5799, 863.0413, 865.53156, 868.803, 868.2513, 869.20306, 872.4103, 872.4947, 873.31946, 874.5547, 876.05804, 878.26056, 881.1718, 882.86237, 884.19666, 884.9663, 886.1715, 887.9238, 891.45325, 898.32513, 901.46576, 901.46576, 901.2754, 904.26843, 904.1358, 904.4277, 907.01, 907.01, 907.01, 907.01, 910.0107421875, 913.01154, 915.19257, 918.06256, 919.7248, 920.02203, 920.73645, 921.59705, 922.2103, 922.44006, 923.4589, 925.3503, 926.5445, 926.5445, 926.5445, 926.5445, 928.919921875, 931.2953, 935.51294, 937.94006, 938.97845, 939.38983, 939.38983, 939.38983, 939.38983, 939.38983, 939.38983, 940.668701171875, 941.94763, 941.94763, 941.94763],