{"columbia": [200.51761, 225.53562545776367, 249.11835861206055, 271.9834499359131, 288.82288646698, 304.0565276145935, 319.1907870769501, 334.3122628927231, 349.97795552015305, 366.56731137633324, 384.2390078753233, 403.05767472833395, 422.97458938881755, 443.81394057534635, 465.3011663360521, 484.08237662678584, 501.51057918253355, 512.7408013710519, 523.2053692524205, 534.4537779184466, 546.0941069768014, 555.6258803926976, 565.2658515733019, 574.9599216362603, 583.906688113052, 591.8797661756666, 599.85284, 602.7635, 603.58514, 608.032470703125, 612.4798, 616.5228, 616.5228, 620.8056, 621.2761, 626.1770324707031, 634.7384567260742, 645.9133148193359, 658.2482318878174, 671.1631784439087, 682.1073155403137, 690.1550371646881, 697.846073269844, 705.5371, 710.6124267578125, 715.6877, 720.9170532226562, 727.8615417480469, 735.6635894775391, 744.406135559082, 753.1487, 758.0753, 762.0538, 766.39087, 769.74054, 770.49774, 769.13873, 773.886962890625, 778.63525, 781.727, 782.4371, 783.17865, 787.599609375, 792.02057, 796.7303, 801.61566, 805.9320068359375, 810.24835, 814.0822, 815.4874, 816.8334, 819.0699, 820.21405, 822.341, 826.3062, 829.3284, 831.34973, 836.2340087890625, 841.1183, 846.0452880859375, 850.97235, 854.75806, 855.893, 858.02405, 859.853, 860.8704, 861.325, 863.1228, 864.0094, 865.1372, 864.6389, 865.47516, 868.2595, 868.9538, 875.9269409179688, 882.9001, 887.1536865234375, 892.4141235351562, 897.6652221679688, 902.9163, 906.427, 908.722, 909.132, 911.4387, 915.0054, 916.82306, 918.41534, 920.68744, 923.6306, 925.831, 928.01935, 929.0635, 929.6829, 930.27014, 930.13666, 930.73175, 932.3325], "philadelphia": [231.76653, 232.10806, 237.4177770614624, 245.8060064315796, 255.73349332809448, 263.6820924282074, 272.2840965986252, 281.2128033041954, 290.1415, 287.50148010253906, 289.62500858306885, 295.18314838409424, 303.89622807502747, 315.66156816482544, 330.0684203505516, 346.3537195324898, 363.57824221253395, 376.97219605743885, 386.45629761368036, 395.9404, 402.48545837402344, 411.6261672973633, 422.06470108032227, 432.50323, 434.3618, 434.90756, 441.39341735839844, 449.7106246948242, 458.3825340270996, 467.05444, 469.2581, 472.44385, 474.0148, 478.54100036621094, 484.9617691040039, 491.38254, 491.28543, 494.18841552734375, 500.8341646194458, 510.91113233566284, 523.8412261009216, 538.7666412591934, 554.6897171139717, 566.6753334105015, 576.043050006032, 585.380167581141, 594.7173, 599.2739, 601.9217, 604.47516, 607.1028, 609.5116, 611.9915, 613.21844, 617.2095031738281, 623.1405487060547, 631.0132675170898, 638.886, 645.8424377441406, 654.8893890380859, 664.9815902709961, 674.4498710632324, 683.91815, 687.5945, 690.70526, 691.94434, 692.8271, 696.4651, 700.83246, 705.74365234375, 710.6549, 715.58636, 720.0733, 724.5235, 728.50415, 732.4016, 736.9396, 741.36224, 745.3341, 745.89465, 743.30707, 747.4324951171875, 751.5579, 753.3407, 754.5574, 757.762, 761.3903, 765.33349609375, 769.2767, 772.0926, 774.3507, 776.31537, 777.7125, 777.6058, 778.3711, 779.2292, 780.07684, 782.7693, 783.8951, 783.18384, 784.1362, 785.2991, 788.58234, 792.20404, 793.5121, 794.81683, 794.6067, 793.89667, 794.0473, 792.67017, 792.59344, 795.5735, 797.9456, 799.4163, 801.1941, 801.0972, 801.0088, 803.0102, 802.6614, 803.2527, 802.4348, 801.8997, 801.0041, 799.7824, 800.9656, 802.49457, 805.3436, 809.2093505859375, 813.07513, 817.5799, 818.92395, 818.4373, 819.43964, 822.5995, 826.7666015625, 832.1130676269531, 840.2725372314453, 849.8384780883789, 859.2757148742676, 868.71295, 871.5196533203125, 876.7063598632812, 882.980712890625, 889.25507, 891.73517, 892.86255, 894.2689, 893.5819, 896.775, 897.8926, 898.78271484375, 902.153076171875, 905.52344, 904.97546, 904.35614], "royal": [198.88773, 149.44692993164062, 153.66435691155493, 163.6021565683186, 178.45362690184265, 197.2323539906647, 218.70992016559467, 241.53690588357858, 258.9720977538964, 275.7547654804657, 294.08036647722474, 314.53578625612136, 335.90983511503873, 357.4132637847033, 378.6880177082403, 399.7017519329629, 420.5849763082783, 433.9492874705454, 444.8449974340032, 454.5064067980563, 464.16782, 470.4637908935547, 478.44852447509766, 485.9854545593262, 495.43322944641113, 506.90380001068115, 519.3857684135437, 529.6164071559906, 539.2369450330734, 549.8002199530602, 561.4587418735027, 573.6648872941732, 585.87103, 584.434326171875, 586.2713012695312, 592.0424499511719, 601.3185768127441, 613.4281749725342, 627.5520839691162, 642.9819359779358, 659.0647594928741, 669.7786260843277, 678.3440859913826, 685.9243012964725, 694.1250077039003, 702.9660759344697, 712.2923984713852, 721.8613481614739, 730.4175515221432, 738.467412235681, 746.5173, 742.5111694335938, 738.50507, 745.3802185058594, 754.7052764892578, 764.03033, 770.9400634765625, 778.0417785644531, 784.9934844970703, 791.9452, 797.6954650878906, 805.4120483398438, 814.1117858886719, 820.9777984619141, 827.8438, 827.9308, 829.6348, 833.25037, 835.9646, 835.79834, 838.2502, 842.3870239257812, 846.52386, 847.24554, 845.52905, 846.9999, 851.5837, 852.446, 854.2691, 859.8271484375, 865.3852, 868.515380859375, 871.6455, 876.9261474609375, 882.20685, 886.5041, 886.4435, 888.6403, 891.82275, 894.0552, 894.35596, 894.529, 895.3582, 898.7181, 900.56396, 901.54565, 901.736, 902.59467, 904.3926, 906.004, 906.51917, 907.0436, 907.8536, 910.62164, 913.7293, 916.5842, 917.11255, 917.86035, 919.36914, 921.7172, 922.02435, 923.10846, 922.71155, 923.5671, 924.66187, 925.76385, 927.8352, 929.2363, 931.1934, 933.8046, 935.9073, 935.66296, 934.92865], "slovak": [235.73172, 244.5670509338379, 254.27688789367676, 263.98672, 267.6718521118164, 274.9958953857422, 284.13939666748047, 291.8996238708496, 300.2373218536377, 310.3277177810669, 322.5971121788025, 336.8926684856415, 352.66963708400726, 369.18731182813644, 382.734464019537, 394.79637019336224, 406.85828, 411.69824, 411.96225, 415.1424102783203, 422.49562561511993, 433.68217450380325, 448.27490493655205, 465.80608336627483, 485.76073632389307, 507.5725377686322, 530.6356190685183, 554.3243402959779, 569.8626401186921, 585.40094, 587.55493, 592.4801406860352, 601.8856391906738, 614.6858158111572, 629.183331489563, 643.68085, 643.68085, 646.4264221191406, 650.5447845458984, 654.66315, 654.52814, 658.5656, 663.2506713867188, 668.9282836914062, 674.6059, 678.3777, 682.46906, 683.6564, 686.32336, 690.8797, 695.5323, 698.76556, 700.73126, 702.7721, 709.1029052734375, 715.4338, 718.3116607666016, 724.9411697387695, 734.2945442199707, 745.0098514556885, 753.4811525344849, 761.95245, 766.3287658691406, 772.9189910888672, 781.1451644897461, 788.7162590026855, 796.28735, 799.84174, 803.6933, 805.2343, 806.69684, 807.82825, 812.9798583984375, 818.2769775390625, 823.5741, 827.7374, 830.15826, 832.9529, 834.46936, 835.8051, 838.26135, 840.36786, 841.6887, 841.417, 840.6813, 841.96045, 844.6875, 846.37915, 847.9742, 852.9517, 857.15326, 860.18744, 865.9878540039062, 872.52685546875, 879.06586, 883.58575, 888.3294067382812, 894.0911560058594, 901.6022491455078, 908.7761001586914, 915.94995, 920.7859, 924.6989, 927.6986, 931.0435, 932.6426, 932.66925, 932.3743, 932.33344, 932.7634, 933.14087, 933.14087],