{"columbia": [200.51761, 224.51129913330078, 246.2488956451416, 265.6140832901001, 283.41311740875244, 300.36021614074707, 316.43823754787445, 332.27945107221603, 348.31076884269714, 365.13689854741096, 382.98307079821825, 400.7457469590008, 419.6236322186887, 440.36445851251483, 460.78952969191596, 478.23125239810906, 491.85042902315035, 504.0843640755629, 516.7344354001398, 529.1643903975055, 540.5198497826495, 551.580035263265, 562.232396181329, 572.2101545771611, 580.9338752338444, 587.970389445933, 593.5812441237669, 598.5707831758411, 603.2318937452329, 607.1827621449941, 610.7722711839644, 613.8348372662147, 616.3194863414847, 619.0005921866357, 622.1162461630739, 627.4546979944877, 635.8294944982242, 646.4275146468549, 657.832419925515, 668.6820255640421, 678.6443014046588, 687.4689433103881, 695.266402495777, 702.0608832772771, 707.8918981600298, 713.8046415881996, 720.4788538228156, 727.9948720181555, 735.6181625314982, 742.7476680080646, 749.2060977583208, 754.9182333917176, 759.6284529822464, 763.0471082631409, 765.42082790621, 768.1288740230214, 771.2244523560289, 774.2222605992919, 776.8284921225868, 779.3070793204188, 782.1196035695566, 785.3939430849106, 789.1165545678875, 792.9493634364914, 797.0419161207828, 801.2506977192253, 805.1492082625388, 808.5202003724166, 811.4584672333624, 813.9679578901696, 816.2157368840308, 818.5682219849525, 821.1025788226495, 823.6733852864279, 826.4381544098948, 829.679800769454, 833.3587164543408, 837.4545372899348, 841.7175007704066, 845.641813416338, 849.1094176893893, 852.1290824861, 854.6755899345603, 856.7208767743182, 858.4811083631164, 860.0166286325137, 861.3963721521293, 862.4720898011514, 863.34732900312, 864.3739128583795, 865.4786083087131, 867.0339792718235, 869.8512624646501, 873.3542040316967, 877.4480251871369, 882.0971126333735, 887.0934656637673, 892.0517424131536, 896.6099015589868, 900.404231116957, 903.5852283957302, 906.5265783374696, 909.2543574842803, 911.7366740525697, 914.0659951284335, 916.4071087430549, 918.7571252313714, 921.0910241988865, 923.2525155379956, 925.11551110716, 926.6540257322995, 927.8180519246841, 928.7174662872318, 929.5859786452783, 930.4897419562828, 931.4111307437664, 932.3325], "philadelphia": [262.99542, 268.3490562438965, 273.6272439956665, 276.2228374481201, 275.03512740135193, 273.80300664901733, 275.51576644182205, 281.2062421441078, 290.6086266487837, 303.8830319046974, 320.6787511743605, 338.2476889155805, 354.35593995358795, 368.02417747862637, 378.8523467995692, 388.80441037681885, 399.14595443260623, 408.7689735516906, 416.7626907891972, 423.1873874823068, 428.73777531014275, 435.1084748459325, 442.3936265177226, 449.5249810930118, 455.93975962381296, 461.32361752027555, 465.56372797847695, 469.0703434399092, 473.5578309424566, 478.1008194245684, 481.26734466078005, 484.70014303981844, 488.8203735251726, 493.96286439188424, 501.45081414722745, 511.7761859627894, 524.6878746493506, 538.2309617093022, 551.007180183617, 562.785883788485, 573.1208593426618, 581.7152407365968, 588.6484604943109, 594.2216389081211, 598.757539567898, 602.5560129156505, 605.6981410942706, 608.1414288244832, 610.5461020797948, 614.084795854422, 619.123143725238, 624.8284348017414, 630.7692312928301, 637.7886364598439, 646.1291107168453, 655.2055676786099, 663.8930448151051, 671.5490263360207, 677.7969750458878, 682.6321321955598, 686.6163227789539, 690.291118657868, 693.8920907326956, 697.7980871478359, 702.0269006245828, 706.4499415098694, 710.9601556488309, 715.4293058124717, 719.795598281658, 724.1198936349597, 728.4509376581847, 732.7322235828856, 736.5101804805677, 739.1742799333432, 741.1610092037583, 743.3790747067167, 745.7663625610335, 748.0840410249708, 750.4597960863684, 753.0283745134732, 755.7502272798439, 758.8360874629375, 762.0873567918716, 765.2738649439441, 768.245063582028, 770.8878913495172, 773.0087723947127, 774.6773649100087, 776.0262696121799, 777.1720875756298, 778.4273096679632, 779.7510605124676, 780.8513545110694, 781.786955998952, 782.6788152055515, 783.8722776010243, 785.5536650978278, 787.454897450183, 789.3547697473442, 790.9587599220724, 792.0903520610022, 792.8415187848709, 793.1398672394896, 793.1727041912924, 793.4655300926372, 794.2095643042314, 795.2934962003314, 796.6205897264814, 797.8709301454712, 798.883438288231, 799.8775852968657, 800.720513092524, 801.4403133086109, 801.9053585619793, 802.1055684140919, 802.0285363764133, 801.6748281646305, 801.3808899592683, 801.3858356110163, 801.9280910179451, 802.9057040103413, 804.7414407752076, 807.3825279551501, 810.2437630977292, 812.7268639577964, 814.7673394735141, 816.7195759528704, 818.6492980073712, 820.60461485364, 823.7282414111303, 828.1742410838322, 834.5192120139493, 842.202042750652, 849.2717847382997, 855.8934952766731, 862.4164280766984, 869.039618322584, 875.2008038339834, 880.4403362901087, 884.6696618944321, 887.7759554831973, 890.3243948558605, 892.470801059564, 893.7531448169323, 895.0535168008917, 897.0202277196189, 899.0772670027511, 900.7776692534889, 902.0988523807307, 903.2304259462247, 904.362], "royal": [198.88773, 199.24479484558105, 201.90357542037964, 207.4420940876007, 215.74348282814026, 226.31708705425262, 236.7328169643879, 246.66047267615795, 256.5821630656719, 268.70309187471867, 284.9972736444324, 305.9011603752151, 328.57688948046416, 351.59849452087656, 374.3862448033178, 394.22138343931874, 410.230953829363, 424.4996507852338, 436.73971788491326, 447.0414637044196, 456.87402074817874, 465.7648083578879, 473.40935170999046, 481.910141419389, 492.5122664933774, 503.735061394156, 514.1759404162027, 524.7601378805937, 535.7892363558594, 547.6196227647248, 558.9212478701496, 567.515504100382, 572.8996641457975, 576.8931944152644, 582.5443466384008, 589.1208756824441, 598.1647168848594, 610.4226964533617, 625.04406435268, 639.5812253840788, 652.7553201055832, 663.7090846673303, 672.591030329193, 681.5925109591263, 689.8024932278478, 699.0120226450213, 707.7261669424158, 716.8702042019911, 724.8289869053181, 730.3697313140318, 734.1016832816636, 737.6509307937886, 742.7001419527712, 748.6614256834764, 755.404630099313, 762.5913303370014, 769.909349945163, 776.860144013345, 782.057356364501, 788.0269921304739, 795.4564293536907, 803.4020458576379, 810.5054690540995, 816.3430761896518, 821.2170640024749, 825.3770474444079, 828.6704501689309, 831.4062955585833, 833.9093137291302, 836.7085382891358, 839.4623021358782, 841.5918452949036, 843.2545933677997, 845.0687537474089, 846.9169142429664, 848.7642682253562, 850.9469251320481, 853.8849499183125, 857.0150487973249, 860.4329148753214, 864.1783156608323, 868.3455244524894, 872.7516754619586, 876.696094491839, 880.103615675878, 883.2051563159639, 886.0739315011734, 888.5144766031783, 890.4330347807852, 891.9427130729446, 893.4933629258854, 895.1576345371866, 896.8024755325932, 898.2391606303879, 899.4759218042033, 900.6838939407131, 901.9492981767548, 903.1604126650057, 904.2445794952267, 905.2219190986998, 906.3722009930561, 907.8885982377166, 909.7795150635734, 911.6884176447203, 913.4166088944274, 915.0021820691727, 916.6165216536651, 918.1032661688396, 919.4563382057391, 920.5230663701325, 921.4011388765891, 922.2241839672986, 923.0712869623312, 924.0933354623621, 925.2691019833321, 926.6167397997875, 928.2105284530829, 930.0002865274073, 931.6274964096706, 932.8334270133787, 933.658715386547, 934.2936826444454, 934.92865],